{"cameraMode":{"drawMode":0,"name":"Shaded","section":"Shading Mode"},"sceneLighting":true,"audioPlay":false,"sceneViewState":{"showFog":true,"showMaterialUpdate":false,"showSkybox":true,"showFlares":true,"showImageEffects":true,"showParticleSystems":true},"in2DMode":false,"pivot":{"x":126.58934020996094,"y":28.345474243164064,"z":-203.97024536132813},"rotation":{"x":0.0051217759028077129,"y":0.9836480021476746,"z":-0.17778454720973969,"w":0.02833780273795128},"size":655.5612182617188,"orthographic":false}